{
    "name": "5va4",
    "molecule_types": [
        {
            "name": "A",
            "interfaces": [
                {
                    "name": "A1",
                    "coord": {
                        "x": 6.673152923583984,
                        "y": 9.15196418762207,
                        "z": 15.348620414733887
                    }
                },
                {
                    "name": "A2",
                    "coord": {
                        "x": -0.40109825134277344,
                        "y": 17.73926544189453,
                        "z": 17.125770568847656
                    }
                }
            ],
            "diffusion_translation": 112.89563380766732,
            "diffusion_rotation": 22.6514419850098
        }
    ],
    "reactions": [
        {
            "name": "A(A1) + A(A2) <-> A(A1!1).A(A2!1)",
            "binding_radius": 0.8927003860473632,
            "binding_angles": [
                "2.485035",
                "3.076813",
                "-1.744222",
                "-2.013869",
                "2.999799"
            ],
            "norm1": [
                0,
                0,
                1
            ],
            "norm2": [
                0,
                0,
                1
            ],
            "ka": 1200,
            "kb": 81.3224186591257
        }
    ]
}